{
  "accuracy": [
    0.297468364238739,
    0.3697257339954376,
    0.375,
    0.3955696225166321,
    0.38976794481277466,
    0.41983121633529663,
    0.43670886754989624,
    0.4483122229576111,
    0.45042192935943604,
    0.4762658178806305,
    0.45938819646835327,
    0.4641350209712982,
    0.4857594966888428,
    0.4941983222961426,
    0.5036919713020325,
    0.48259493708610535,
    0.503164529800415,
    0.50527423620224,
    0.5327004194259644,
    0.503164529800415,
    0.5126582384109497,
    0.5290084481239319,
    0.5390295386314392,
    0.549578070640564,
    0.5638185739517212,
    0.5537974834442139,
    0.574367105960846,
    0.5806962251663208,
    0.5690928101539612,
    0.5785865187644958,
    0.594936728477478,
    0.621835470199585,
    0.6081223487854004,
    0.6102320551872253,
    0.6017932295799255,
    0.6039029359817505
  ],
  "loss": [
    12.186394691467285,
    1.5630004405975342,
    1.5072818994522095,
    1.474387764930725,
    1.466683268547058,
    1.4414863586425781,
    1.4052091836929321,
    1.3608676195144653,
    1.3451627492904663,
    1.3080631494522095,
    1.3109863996505737,
    1.2959516048431396,
    1.2441240549087524,
    1.2545788288116455,
    1.2441997528076172,
    1.2520607709884644,
    1.221811294555664,
    1.2351701259613037,
    1.1974403858184814,
    1.2058438062667847,
    1.1910136938095093,
    1.1840018033981323,
    1.1347708702087402,
    1.099639892578125,
    1.0825375318527222,
    1.0946463346481323,
    1.0394214391708374,
    1.0280486345291138,
    1.0339105129241943,
    1.0221784114837646,
    0.9803432822227478,
    0.9468439817428589,
    0.9443567395210266,
    0.9317298531532288,
    0.965005099773407,
    0.9420390725135803
  ],
  "val_accuracy": [
    0.2757527828216553,
    0.2377179116010666,
    0.18066561222076416,
    0.20443740487098694,
    0.18383517861366272,
    0.2599049210548401,
    0.2725831866264343,
    0.40412044525146484,
    0.3851030170917511,
    0.4389857351779938,
    0.46275752782821655,
    0.41679874062538147,
    0.5055467486381531,
    0.49920761585235596,
    0.44215530157089233,
    0.4580031633377075,
    0.49128368496894836,
    0.5198098421096802,
    0.5150554776191711,
    0.500792384147644,
    0.5245642066001892,
    0.5055467486381531,
    0.500792384147644,
    0.5182250142097473,
    0.4722662568092346,
    0.5277337431907654,
    0.5118858814239502,
    0.49286845326423645,
    0.5103011131286621,
    0.5435816049575806,
    0.5356577038764954,
    0.5641838312149048,
    0.5736925601959229,
    0.5293185710906982,
    0.5641838312149048,
    0.5594294667243958
  ],
  "val_loss": [
    1.781335473060608,
    2.292116403579712,
    2.5553605556488037,
    2.0217819213867188,
    2.2782673835754395,
    1.8298275470733643,
    1.7820031642913818,
    1.568824052810669,
    1.5102750062942505,
    1.4227876663208008,
    1.3934913873672485,
    1.4215869903564453,
    1.3165690898895264,
    1.3331470489501953,
    1.3747587203979492,
    1.357473611831665,
    1.3158745765686035,
    1.24997079372406,
    1.25126051902771,
    1.2685099840164185,
    1.2260791063308716,
    1.2542765140533447,
    1.3028545379638672,
    1.2873847484588623,
    1.7134193181991577,
    1.2589972019195557,
    1.3866190910339355,
    1.3103660345077515,
    1.3236327171325684,
    1.3083890676498413,
    1.3189746141433716,
    1.3295639753341675,
    1.282510757446289,
    1.4492771625518799,
    1.3073705434799194,
    1.3146533966064453
  ],
  "learning_rate": [
    0.0010000000474974513,
    0.0010000000474974513,
    0.0010000000474974513,
    0.0010000000474974513,
    0.0010000000474974513,
    0.0010000000474974513,
    0.0005000000237487257,
    0.0005000000237487257,
    0.0005000000237487257,
    0.0005000000237487257,
    0.0005000000237487257,
    0.0005000000237487257,
    0.0005000000237487257,
    0.0005000000237487257,
    0.0005000000237487257,
    0.0005000000237487257,
    0.0005000000237487257,
    0.0005000000237487257,
    0.0005000000237487257,
    0.0005000000237487257,
    0.0005000000237487257,
    0.0005000000237487257,
    0.0005000000237487257,
    0.0005000000237487257,
    0.0005000000237487257,
    0.0005000000237487257,
    0.0002500000118743628,
    0.0002500000118743628,
    0.0002500000118743628,
    0.0002500000118743628,
    0.0002500000118743628,
    0.0001250000059371814,
    0.0001250000059371814,
    0.0001250000059371814,
    0.0001250000059371814,
    0.0001250000059371814
  ]
}